{
    "rmse": 0.7985417800881704,
    "mae": 0.6413672601056578,
    "r2": 0.003642227271274723
}