{
    "rmse": 0.7928296757036455,
    "mae": 0.6327663450613243,
    "r2": 0.017845477068206494
}